,Count,Mean,Median,Std Dev,Min,Max
GPA,119.0,3.296638655462185,3.35,0.43226890036400456,1.59,3.98
IELTS Score,59.0,6.940677966101695,7.0,0.4742030134387725,6.0,8.5
TOEFL Score,18.0,95.38888888888889,96.0,7.0805357797347925,83.0,110.0
Duolingo Score,11.0,117.72727272727273,110.0,11.696930444273908,105.0,140.0
PTE Academic Score,1.0,61.0,61.0,,61.0,61.0
GRE Verbal,24.0,152.29166666666666,153.0,9.153185079602032,135.0,170.0
GRE Quantitative,24.0,155.125,161.0,32.810804821635784,4.0,170.0
